,A,B,C,D
2000-01-01,-1.9323582319834727,-1.2170795556506828,-0.3461539581544858,1.054275090550374
2000-01-02,-3.7219942655603093,0.667844830469885,-0.9507458783214351,1.752485606082216
2000-01-03,-1.9744476761869627,0.9980620143367037,0.6227898069927686,1.9348854129028268
2000-01-04,-1.8625659483050192,0.8394145253799824,1.1158586384840468,-1.3703499881506536
2000-01-05,-1.6459526120627563,1.671856305386588,0.6444022151369144,-0.8734328318211562
2000-01-06,-2.0078486723328783,1.289895763989945,2.0319388514446963,0.02808617320842488
2000-01-07,-3.002372939328355,2.5132640092573073,1.436390756941964,0.4460139317362213
2000-01-08,-3.6577960246441177,1.0836942167662906,1.016039463568928,-0.3020099945185516
2000-01-09,-3.264910967751146,0.9127667024463066,1.6499073731917695,0.26086320956276154
2000-01-10,-2.6638302899745705,1.3882777586030104,1.6725876881101351,0.41518450775514704
2000-01-11,-2.077446113753732,-1.2230474107319875,1.6012625148881103,-1.070744021144706
2000-01-12,-2.812996794218883,-2.2514069373445555,3.113300873261708,-0.6032665339655003
2000-01-13,-2.873551925942753,-1.93787337128298,3.126840170867328,0.1367438420751942
2000-01-14,-4.314236590909228,-3.342500045070058,2.3224822659854727,1.0270239015179872
2000-01-15,-4.144612285890623,-4.9462564384744665,2.6267715907928495,-1.956119347579404
2000-01-16,-4.753315728377546,-5.933743510665654,1.7410895331626097,-2.374141304615242
2000-01-17,-3.4854474887207934,-6.164977539220809,1.2927775936118646,-2.268186875738084
2000-01-18,-1.5727403520566716,-5.8386416442416404,0.8368617568017607,-2.890526921328455
2000-01-19,-1.636816108616318,-6.16645500100125,-0.7573126671705843,-3.514493633291055
2000-01-20,-1.573905986075139,-5.680301054447498,0.5318371315913162,-3.804842592250995
2000-01-21,-0.4415868056911352,-6.75509103987394,0.19745032646655952,-3.208389226787806
2000-01-22,-0.20798167565483203,-6.586060384803544,0.986308795205163,-1.6602238631561401
2000-01-23,0.6124942028752934,-7.5098795369915745,0.812712665877579,-1.4862638268919284
2000-01-24,0.2975110686656044,-7.6401716071557315,1.1280212019914033,-0.03009368635797216
2000-01-25,1.2290772333756022,-9.455209002931987,1.2969904575507574,-0.8624743528537554
2000-01-26,0.5290568905785866,-9.760023053035688,0.4773695330804908,-0.19233621100984566
2000-01-27,2.0819474756714715,-9.813259235944233,-0.2259718239740971,0.2733383356700263
2000-01-28,2.2746294188759526,-9.878717810280063,-0.43443566559283786,0.3686670732251659
2000-01-29,2.879300056931515,-7.947428980221133,-0.47145164255763533,0.5477052738560648
2000-01-30,1.476442668865568,-7.257409613686976,0.33197038906303306,-1.3368905611950073
2000-01-31,1.2475597253077924,-6.356568538162019,-0.0798201443248403,-1.870926412694041
2000-02-01,0.8713232845889773,-7.808341205101861,-0.33485329963346466,-1.4528157683667968
2000-02-02,1.339167341869445,-8.370674207606685,0.8201031371670539,-0.5241487831453822
2000-02-03,-0.32933815127863086,-7.710851625995188,-1.444164616222058,1.0904687203855
2000-02-04,-0.1543436774802593,-8.681765502542941,-2.790011749339489,0.5693170124585174
2000-02-05,1.0706131214830465,-10.05206561687336,-2.9783396916179736,1.0422585055673046
2000-02-06,1.5920929077107209,-10.087927878116787,-1.871888437467115,1.3338413658910069
2000-02-07,0.27258452213990814,-9.647581998418858,-0.9060546455643645,1.4673285770364353
2000-02-08,0.4570720405574372,-10.577351958052558,-1.1512880310228317,2.9356607581188277
2000-02-09,-1.2649395660294083,-10.420667222142791,0.03737740957353752,5.334732953275873
2000-02-10,-1.649762489232402,-11.50761208391021,0.3290540158163726,6.025016516765208
2000-02-11,-1.6559272406994372,-11.507658953418066,-0.20981237807251074,5.699853656593385
2000-02-12,-0.685548507559164,-10.453008116561127,-0.48202799322711654,6.297504206926835
2000-02-13,-0.3426522644687914,-10.845937589337902,-2.0702538197358273,5.824182433315067
2000-02-14,-0.5084328241156051,-10.546075039188363,-1.8491582310465138,6.812395567682457
2000-02-15,-2.231990373850867,-10.810396046415597,-2.6518618811088115,6.646836880219414
2000-02-16,-2.1327567516194996,-12.915051005458325,-1.4768251882102374,6.384366784749491
2000-02-17,-3.572153067535889,-13.233480735990879,-0.39488854342099633,3.925552112055581
2000-02-18,-2.985357470594713,-12.64925148981556,1.0901560527238867,1.690526998596527
2000-02-19,-3.2403178551878904,-12.33489596415696,0.24401452623341702,1.3867047185517944
2000-02-20,-4.009971075012713,-12.62025387570274,0.3595620549240958,1.4064771214807446
2000-02-21,-6.198575782718028,-11.301033811120828,-0.2444522003811868,1.1894452674298197
2000-02-22,-6.572211493113262,-10.418422950564086,0.4183856650128786,1.4663422771550312
2000-02-23,-6.614341835608865,-8.38623927569702,1.2709219937651373,4.0265989562005515
2000-02-24,-8.067323085927892,-9.985656739983948,0.3368209060797136,3.9833699050007394
2000-02-25,-8.103904472797803,-11.080832096879423,-1.0211153307810272,6.224163008673382
2000-02-26,-8.157357258930581,-11.480334084550401,-2.6280681573426428,6.828840805369104
2000-02-27,-9.188308028997866,-14.071365386276725,-2.2349552450419985,6.680195134997528
2000-02-28,-9.85510220681974,-15.90946213329687,-2.523547611751622,6.117643715955768
2000-02-29,-9.215962422875009,-15.45236858076369,-1.5978466399293607,6.52586753790815
2000-03-01,-8.062808738036157,-17.01404994178143,-2.0148382590699185,7.581691244736845
2000-03-02,-7.856044892914617,-15.50646935507688,-1.1409329764534524,8.287710993046858
2000-03-03,-7.23196351229427,-15.751898481898147,0.1461010075268867,6.775340214113469
2000-03-04,-7.349242779872648,-17.035273299062116,-1.7061660014971838,4.27213854889835
2000-03-05,-6.713734907143003,-17.66909356335528,-0.7961839540550141,2.096916833970028
2000-03-06,-4.272884221666584,-18.270114432393868,-0.5491815352038845,3.4712547745105367
2000-03-07,-3.27085296624442,-18.851257033630567,-0.4521181079253766,4.737958586897614
2000-03-08,-4.521443147588549,-18.705120641444324,-2.401467648838471,4.945582507964562
2000-03-09,-3.855937379600669,-17.72522727539127,-1.6487461502728933,5.9264778797251205
2000-03-10,-3.997582884253299,-18.551687343675862,-1.0615633635656083,5.763346987972706
2000-03-11,-3.9606589486045225,-17.691672593175948,-1.484468380939325,6.048484319100312
2000-03-12,-5.092253744731314,-19.095134659768547,-1.2482607323204116,6.090281849546547
2000-03-13,-5.287340484564695,-19.23066655250798,-0.46516635951272656,5.22585388943709
2000-03-14,-4.07446141153743,-19.485494258770423,-0.5966783680793022,4.498947368494322
2000-03-15,-2.845058870388679,-18.76817949569249,-1.2429784001971351,4.648619385310701
2000-03-16,-1.1544065515237711,-18.255966622333244,-1.2318039908192624,5.228020591468009
2000-03-17,-0.5915405323774766,-16.649572873100055,-2.0933648577621056,5.138303862293732
2000-03-18,1.6089026721981474,-16.29422438662206,-2.0682797626149423,5.3266661115000415
2000-03-19,1.2581794529656725,-16.214857913635512,-2.592584808874747,7.325017513226074
2000-03-20,0.7291982362395086,-16.72582817662007,-3.7540131918872115,6.890321027596048
2000-03-21,0.9670088498413902,-19.406244870383176,-4.078526722628018,8.258606086516059
2000-03-22,2.1556992281894964,-19.094526723045345,-5.133516256571102,8.105508663473392
2000-03-23,1.3091057653168976,-19.4171827565472,-5.341666561276057,8.14295535392888
2000-03-24,1.8656931705632724,-20.91855344514158,-6.547317607037744,7.465807594334891
2000-03-25,2.814364907619789,-19.742495040731438,-6.941134037859779,8.20782358383704
2000-03-26,3.8536798578970233,-18.60245718687341,-7.822704732449726,6.500755154491409
2000-03-27,2.4956908832943165,-20.671169864967148,-7.954686436042704,6.37106663435978
2000-03-28,2.108154557899888,-19.502472314244233,-8.43860013573532,7.5423336618249985
2000-03-29,1.554328519392631,-18.568837295789635,-8.492837091182153,8.090662677205273
2000-03-30,1.878562063399213,-18.278498740866766,-9.662860669325585,9.028318456447659
2000-03-31,1.9687138626568508,-18.57833291026303,-9.195526250004825,9.307730557303005
2000-04-01,4.147098550569431,-17.94888706824814,-8.702209060524108,9.607663142408152
2000-04-02,4.777621890418354,-16.96667663799939,-9.367986356450732,9.90725294261982
2000-04-03,3.9981072260719728,-16.15456142370497,-8.641434479052752,12.058025566742062
2000-04-04,4.465113732813754,-16.144812774570404,-8.8967438428618,12.542115555609458
2000-04-05,4.98628150065364,-16.276391626491925,-8.970016895760036,13.472610296105715
2000-04-06,3.7964138653339443,-15.538135831159499,-8.631163516022275,13.490004538849888
2000-04-07,3.919836028809337,-15.046493915254867,-7.79085204199562,14.22770694214712
2000-04-08,5.146475175382978,-14.719714822945045,-7.659822087846909,14.057353361565053
2000-04-09,6.0599547695785745,-13.138666633551342,-8.847354408696155,14.59281822765701
2000-04-10,5.453602376102179,-13.233145804691246,-9.449091591476767,14.190980645545162
2000-04-11,5.864289429602415,-13.818157004310027,-8.774831924615723,14.01475982014432
2000-04-12,5.468740167972376,-12.507855277851071,-8.781314680563545,15.750881845286
2000-04-13,5.031954160496975,-12.121583412875097,-8.246637014626973,16.65746202051509
2000-04-14,5.550437075578177,-11.36437016859893,-8.644837906598738,16.922570723963673
2000-04-15,6.010551310946786,-12.174999577101469,-7.448604143108565,17.010099421864282
2000-04-16,5.73910688744822,-12.120051489676593,-8.367803303650462,19.047772815123903
2000-04-17,5.184271199422628,-12.052979682241846,-7.672702660222932,19.384582952616093
2000-04-18,4.16189509242452,-12.216868798581688,-7.262212087617004,19.94361586168145
2000-04-19,3.3436932642960318,-11.603382255773923,-6.881259629372258,21.054429608745796
2000-04-20,4.270732518993419,-12.501357350099155,-8.069907791052367,21.974552639265955
2000-04-21,4.503814975532636,-12.664801891712733,-9.434748996519604,22.45929209605608
2000-04-22,4.1469453885527585,-13.376169880948929,-11.466436751807766,21.794090372168185
2000-04-23,4.015752739586066,-12.38788857451204,-10.361764007591919,21.21652248683929
2000-04-24,2.702671820965258,-11.259532453449609,-9.20986332848868,21.97078362489509
2000-04-25,4.053842816635817,-12.006184306665713,-8.983894218591264,21.473661844160368
2000-04-26,2.3285580308568683,-11.990883737455864,-9.236329070262522,21.944512499081956
2000-04-27,1.8817667759082903,-10.370758602265656,-7.474634334891545,21.471495636444367
2000-04-28,2.3102562894045446,-10.541368795357549,-7.723096148769402,21.37372195007891
2000-04-29,3.4708085867347176,-10.940171280089356,-6.789347655305034,21.02785329660662
2000-04-30,2.5616444189314738,-10.262994111656045,-6.356644069088542,20.237410107756194
2000-05-01,3.4465118851097247,-10.44622900012256,-7.134346058369235,20.08109662042373
2000-05-02,3.669030034524553,-11.213828568834304,-6.221797356456113,18.375554086651828
2000-05-03,3.590546012978094,-10.786175455075634,-7.37781316098394,18.442974527479016
2000-05-04,4.873635393880901,-10.997249429098947,-7.249294169044808,17.66126657096211
2000-05-05,4.3496453272061935,-10.43938712615174,-6.416371738902414,16.17775258331625
2000-05-06,4.8256734033473005,-9.916005600252076,-7.64097036082771,15.454510248494168
2000-05-07,5.423033184618758,-12.067474425276203,-8.59460063296512,16.585011152827274
2000-05-08,5.196717073480467,-11.498012144664587,-8.523719196839313,15.432425765492379
2000-05-09,4.497649656965681,-13.11831025987669,-9.77764333502608,14.742490587929668
2000-05-10,5.006903701308255,-13.422781941663871,-9.988532074232724,15.330374478544261
2000-05-11,4.1304295925699295,-13.091692462350709,-9.840180359731608,12.941979018714513
2000-05-12,4.512858789730709,-12.793055300676329,-8.626958487600689,14.014036922425499
2000-05-13,4.178438155683463,-13.339235402750877,-8.404755020475221,13.847888864694207
2000-05-14,3.572651665242219,-14.501079805376474,-6.99504628927016,13.07865469534971
2000-05-15,2.3146001021545954,-15.323854111245444,-5.2918773768853535,13.924864036736198
2000-05-16,1.4876371893370017,-15.96771835198895,-4.056340538629683,13.154840051933679
2000-05-17,1.9034707008442158,-16.005697778091047,-2.2179874586509696,12.309330039540232
2000-05-18,1.0041509619499713,-15.892283027077552,-1.649323120779313,10.364084798300757
2000-05-19,1.8660911947466179,-15.675506729426575,-1.4860537392836246,11.48146384468477
2000-05-20,2.413353158731695,-14.92090412826278,-2.757049818833616,10.495552541912692
2000-05-21,1.5823449894882025,-11.62566866150759,-1.427776816914274,10.749777548633192
2000-05-22,1.3491999695291828,-12.086004445288035,-2.173062242070978,11.86585123496701
2000-05-23,0.8161672989212736,-10.348021490439958,-2.929114298518406,9.995982732120126
2000-05-24,1.797500599096429,-8.226890878627977,-3.8314702719233966,9.90057686682584
2000-05-25,2.3560331581793794,-7.7811758271569404,-3.745991475830221,10.541659466555773
2000-05-26,1.1486459734930339,-5.980677355807472,-3.94827185543403,10.096176997360187
2000-05-27,0.6929600765804462,-5.635850484026882,-3.4959892029855557,9.434447549899001
2000-05-28,2.0223745865548963,-6.337127096831778,-4.276697564848708,9.72444782961927
2000-05-29,1.3549937883091552,-8.511484956105754,-4.319683967458786,9.590966981159132
2000-05-30,0.4162018665103465,-8.396590288301821,-3.7908233478309787,8.112033421406057
2000-05-31,0.9946878135034759,-7.060741039440248,-4.51295815656707,5.267887038889583
2000-06-01,1.5290775141735706,-6.997496503544872,-4.505273539082967,4.8992930776552175
2000-06-02,2.1047306497058713,-5.784446646097674,-3.019153700300861,3.409503677624941
2000-06-03,2.6271171872770664,-4.763327341540997,-4.092433360662076,3.056103055031464
2000-06-04,2.531277241784658,-3.5157460004529706,-1.9318973704407023,2.8239573674559817
2000-06-05,1.6916053045970463,-1.8073466908342557,-1.8284143706750968,3.194640858592913
2000-06-06,1.6133709146949125,-2.0106016508792326,-1.6566372721071396,3.057478207947469
2000-06-07,1.7381137939516413,-2.7513692416340665,-2.2675188173542784,2.6632505592162357
2000-06-08,1.031022536846372,-3.6509842357956295,-2.128097450621602,3.387479822846145
2000-06-09,1.5179588948777294,-3.7232204490379086,-2.5104665982028567,2.8170286928649055
2000-06-10,2.109066972969318,-4.16969538721638,-4.115365358342956,3.706069715629442
2000-06-11,1.4312356114186986,-2.458870032966125,-5.534325962517746,2.5908950889400186
2000-06-12,1.4246353004200607,-1.271007138146777,-3.1541101947919654,3.4408334359456108
2000-06-13,3.5111301292312667,1.1134456289396526,-1.932370008043676,4.176717341528459
2000-06-14,3.688613376870879,2.59551879540091,-3.1287523708873537,4.747511852888371
2000-06-15,4.472188014313241,3.978412600763782,-2.789558654289119,3.8490965894734694
2000-06-16,5.744145445445767,2.9639981913617675,-2.7927056769132386,4.990375258652971
2000-06-17,5.729973232718264,3.366812800691828,-3.5497669632602338,4.576405035919967
2000-06-18,6.035164855197461,4.348063532719065,-2.933556552667879,5.397612083089967
2000-06-19,6.626752654026755,4.724627542290025,-3.2198978025310256,5.668452429309777
2000-06-20,5.36673016116201,4.803633745754891,-4.561180681107567,5.203961978725964
2000-06-21,5.401502545037627,5.734192275339231,-6.520213752620623,5.414989164545141
2000-06-22,6.405003743334753,3.897587629640707,-5.611430590905263,6.5005575577225665
2000-06-23,6.973825676280184,3.493681908362188,-4.894526505248924,8.550666048790859
2000-06-24,7.934624152047918,3.39892572196085,-4.310257257068262,8.114130632887637
2000-06-25,8.343997817645173,3.1230075290941297,-3.4259618900094906,9.54294178842719
2000-06-26,9.256189154808904,1.8043772759869043,-3.648547057557563,8.707032792351848
2000-06-27,9.633053271601568,1.0430879227319143,-3.694846101200258,10.3441395962456
2000-06-28,11.442466917345223,0.9400224239978907,-5.321620608465768,9.580941354795783
2000-06-29,9.908215372124237,0.13716793985794817,-5.647599013476827,9.707265952793128
2000-06-30,10.895118011005465,0.1439383947692475,-6.049695608185118,8.702774720427776
2000-07-01,10.742478674021804,0.6707886180824021,-4.58339825851683,8.56131948787423
2000-07-02,10.42763732677491,2.84854699716281,-2.1155101845527935,9.597796352024352
2000-07-03,9.995681200042895,1.910268762052644,-4.094973080578687,7.749343318026018
2000-07-04,10.574251560325742,2.9217104312326976,-5.205693424628426,8.184609349284136
2000-07-05,10.427718962391303,4.466872040728179,-4.216216363152467,8.799011728985086
2000-07-06,9.923690339382446,3.395250587572712,-5.207154068090985,8.830557370323229
2000-07-07,7.042884804065962,2.9705608265785677,-5.5493326811049,9.228890818707123
2000-07-08,6.493538948580497,3.884103488247124,-6.416699753822633,9.244112049334506
2000-07-09,5.686257459393834,5.2386654780493185,-5.841794508337207,8.429675549607193
2000-07-10,5.314885596145285,5.2966469095095645,-7.443153390550598,9.537938142774387
2000-07-11,5.449610654408837,5.806880124277865,-9.154105978846461,8.432239811066431
2000-07-12,4.447636835569782,4.493170221283501,-9.6479623522902,6.518789082332718
2000-07-13,2.846090823853227,4.951458918200466,-11.98238931057277,6.541300909609616
2000-07-14,2.8111913568323024,3.842291996929646,-12.036596428665218,7.098649720569277
2000-07-15,2.951653269907611,4.559394658101672,-13.360204559167203,7.063189454124533
2000-07-16,3.9415902301022205,3.417366545667415,-14.244660653322171,7.914316559847549
2000-07-17,2.6039714428996907,4.033008874736606,-14.757333347579786,7.160937616250318
2000-07-18,3.9554010586696666,4.38858817129189,-14.404874649329384,7.253341268524446
2000-07-19,3.3746408786690925,3.8302802864664693,-14.736872872252679,6.243152517439138
2000-07-20,1.858113233883211,3.3160231700284233,-15.301608560258257,5.212137020048054
2000-07-21,3.5950619693536017,4.236642880455823,-15.361882571107836,6.746409927596429
2000-07-22,5.18393734837297,2.601288374799445,-14.349741092673582,6.500229767645369
2000-07-23,5.903036545484087,3.081163240896567,-14.051680854688534,4.992681831034059
2000-07-24,5.692561402654398,3.7041870929064533,-14.591862192736494,4.645249542801997
2000-07-25,5.123992000191659,3.1328550516779443,-15.81335374548783,5.145962189285141
2000-07-26,5.029528595492628,3.045014966996988,-15.096265566988668,6.20103249825228
2000-07-27,3.897590605242927,3.533153982368928,-15.393062783502298,5.5212853885811
2000-07-28,3.953196160307293,3.3626898274772303,-15.060866456457585,5.563674937644688
2000-07-29,3.5903573322305014,3.386227544003471,-16.228373474560332,5.724303934726297
2000-07-30,2.3016331182657077,3.257151498442188,-15.253780671099873,7.029587703264621
2000-07-31,0.9168011006275689,3.004628445929238,-14.860136406486362,7.303585680436211
2000-08-01,0.9753619419394108,3.8693234129133676,-14.390746529278426,8.653795674420778
2000-08-02,0.0861724354942911,2.9453039643738386,-14.919612761800051,9.09956696251004
2000-08-03,0.9900927503350087,2.8590300819480894,-13.852781864676137,9.885252754430624
2000-08-04,2.188756635124152,3.274459015254583,-15.791200057198479,8.88337312062077
2000-08-05,2.2899511279617824,4.533173211392326,-17.02338831953919,9.293088127336983
2000-08-06,2.168228655396204,4.013492710186808,-16.474242513855202,10.421365991104377
2000-08-07,2.558347083094929,5.257191616031054,-15.408769588327258,11.206415416011314
2000-08-08,0.5950694146659461,5.482452285100895,-17.021231873205085,12.719658899777478
2000-08-09,0.9410557506695345,5.692745609423775,-17.089832061461156,12.457947743372458
2000-08-10,-0.3613690521460502,6.831634444483905,-17.60901055316953,11.667472502886751
2000-08-11,0.2573490355395057,7.419652702305872,-16.52810594896096,13.892203136932624
2000-08-12,0.5724570216878044,9.213852081876356,-15.34506654008636,12.205110928400305
2000-08-13,1.3857700019949166,6.9200502395298855,-16.550481103547465,10.493685811946937
2000-08-14,2.502214551571399,7.004073523950465,-17.400067530887473,11.412620807145418
2000-08-15,2.7289737802678755,6.420037586873405,-17.62993425364492,11.371989099397544
2000-08-16,3.2370027951520153,5.800773718469089,-18.371444242021678,11.22337784138555
2000-08-17,4.5586948458707255,5.822153132436847,-20.37659579381383,11.033890524011637
2000-08-18,4.808074483293688,5.820625940157247,-20.455604364938022,10.705508990668694
2000-08-19,4.420455626094773,6.942272960719039,-20.199978202254968,8.915013419444469
2000-08-20,4.369808116527294,6.230686519471471,-19.642840075804312,9.620560963929975
2000-08-21,4.186423179068818,5.411659190520086,-19.442212702180658,8.159462398653675
2000-08-22,5.2041529426499995,6.448219103203066,-18.48439367093562,8.209963313954253
2000-08-23,5.896699258833643,7.696532364803214,-17.657687618866994,8.281592559693129
2000-08-24,4.554211348763967,7.069801649923256,-16.377406801045083,9.79068998326901
2000-08-25,3.86799486215598,6.5973156111651985,-15.140079401824455,9.939032436193544
2000-08-26,3.722730840724068,8.282875281538486,-16.92729939735412,10.475350810366349
2000-08-27,2.960596072522561,8.34334213087664,-17.284636797529114,9.727508744894282
2000-08-28,3.1909316063468514,9.577382614149585,-14.9212142883738,10.584577429235056
2000-08-29,2.007662647632232,9.562548148725385,-15.381607851017078,10.52612785740495
2000-08-30,2.778796174757876,9.214952718910146,-15.889254278139815,10.842042189866206
2000-08-31,4.548388012243772,9.612970707653723,-15.414344722390878,9.59573779874038
2000-09-01,5.595981965378701,8.210727489534237,-15.757835177525,8.59913444361652
2000-09-02,6.04017321186334,8.039480722089278,-15.650694071800634,9.47979266116869
2000-09-03,5.15629946510597,9.658216456240476,-15.093619422380359,10.379037657104352
2000-09-04,5.0342345429409185,8.880924108765633,-14.595668407486135,12.67515872372412
2000-09-05,3.9908880504349455,8.871705209019105,-14.649911535813338,13.612518045606294
2000-09-06,4.3286761421245865,7.007872421797409,-14.429422960995897,13.484891180382071
2000-09-07,3.1589345429444537,7.751240654363427,-13.519495022635795,13.30013907574104
2000-09-08,4.747838591484619,8.567488086470426,-14.050454599235913,12.99645408897754
2000-09-09,6.712295604591478,8.836962138710472,-13.511689547625636,11.563800476862808
2000-09-10,4.6929273420600275,7.766560997113256,-12.916984860374928,10.892361472032752
2000-09-11,5.036013688094336,7.0519895534087365,-14.573932053568402,11.85943499386019
2000-09-12,5.555873608042669,7.07151948394861,-14.897111018063992,11.84990168650315
2000-09-13,6.068342040535477,7.365118777382955,-13.82385543761266,11.31274071645696
2000-09-14,5.440325722800771,6.843137773505441,-12.850663537889515,11.643975526625416
2000-09-15,3.876301070666778,6.941271578187132,-12.46776576825543,13.58509915471787
2000-09-16,5.444773413054985,6.5252209587621515,-10.386387814402699,13.471291985694851
2000-09-17,4.866405392376302,6.488366140692958,-11.468742412078404,13.03046001573966
2000-09-18,3.2427791848198053,4.03268398531391,-10.778358079021363,13.19636566557666
2000-09-19,3.1230009541408092,3.911341425218111,-9.754483645216482,13.897208894324223
2000-09-20,5.477708894130023,3.938989929657703,-8.570168677182558,11.870261800424224
2000-09-21,6.469184722763644,4.413139884441981,-7.954014847449525,12.180958067310709
2000-09-22,5.302292484695805,4.830996982125773,-8.020728874347823,12.714784484772933
2000-09-23,4.474907320606436,5.6173619527261,-7.971977004373525,12.344316348764355
2000-09-24,4.8954663589118175,5.142313669783936,-8.08124571792855,12.206933162026248
2000-09-25,3.209564274875143,7.037894841234438,-8.584979787937645,12.427887898739051
2000-09-26,2.4308017048873944,5.388562959893832,-7.480050126008554,14.342669113674036
2000-09-27,1.965003658879937,6.276107885155417,-6.988108420785945,14.469118943004913
2000-09-28,2.0382594552783275,5.684078317311384,-6.910554444629883,14.75885895207878
2000-09-29,1.0395427810938962,6.174460188012633,-7.377486672688916,14.915972355393098
2000-09-30,1.4764097107840364,4.821670326416637,-6.973918594629367,13.223824416038948
2000-10-01,1.3532476052130045,4.650787830627541,-7.031769451348848,11.764901013080244
2000-10-02,0.1163422915799095,4.300214287630639,-6.719774983428534,9.991749304340587
2000-10-03,-0.4330192714305017,3.944924976151399,-7.423094041784312,10.390330246799952
2000-10-04,-1.187146579313527,3.766294797646236,-8.08494279046375,9.484873507272937
2000-10-05,-2.336263380781649,2.0796164131638877,-9.026393472223216,8.713149797197755
2000-10-06,-1.7680540194503234,3.898225539441695,-9.675213799713104,7.4714314174343315
2000-10-07,-1.21564036122868,4.1036511916843175,-10.288241376081276,7.913919183489556
2000-10-08,-0.3179980558123424,4.493844915101805,-12.449261239952815,6.726731744896359
2000-10-09,-0.09655223282465464,3.1979555172428142,-12.49919709378132,4.174642226750052
2000-10-10,0.2621266828281788,2.329524318903073,-12.938937143839341,5.05067632367816
2000-10-11,0.6256256694874649,1.228912361621787,-12.759195539125406,6.973389517765033
2000-10-12,0.20598519525884051,0.4267049173991325,-14.520283357605589,8.53703608055875
2000-10-13,2.4189101812990295,1.1540037349539396,-17.024515745292447,9.37118613369498
2000-10-14,2.6939546441321216,0.7921307106288707,-17.125265299081995,9.717767419660872
2000-10-15,2.415042935910567,0.9374676812238033,-16.92925868715313,9.349800819714885
2000-10-16,3.5670628087298093,0.0884633816979904,-17.376504981649234,11.400398714317276
2000-10-17,2.6659880011899078,-0.6449362978509539,-16.885367840673926,10.640753050886046
2000-10-18,1.7468059677809569,0.47268678831109523,-16.70754739187047,10.88532638199613
2000-10-19,1.8219276040170598,1.229300946427088,-16.40659870252935,12.10340031380175
2000-10-20,2.7378440066066045,0.6279122513905636,-16.782365601824424,11.941744341957031
2000-10-21,2.8499941474566355,0.0788632124437717,-17.839535384112576,11.8158739461508
2000-10-22,1.3950151918024833,0.18317226011030202,-16.500433575968945,12.3909416817468
2000-10-23,0.9606643604801595,-0.2787415744524014,-15.036712278061545,12.668262386377831
2000-10-24,0.5546663997151255,0.5205113528688952,-13.163018928685112,12.344701390797278
2000-10-25,0.4744816964634242,0.40850907208507364,-12.732911767240914,12.309536968117872
2000-10-26,0.9298668626677146,0.6856636964761853,-13.429050206944021,10.746843134249973
2000-10-27,1.2662781359985735,-1.1039132737977095,-12.571664760967131,11.73363588496251
2000-10-28,0.7782902501068869,-1.812152291194832,-14.119145776240945,13.015961638185253
2000-10-29,-1.3884117267948857,-2.0627798338195116,-12.661098971330649,11.828537184792236
2000-10-30,-2.3358495068936644,-2.117144857529674,-11.403416847733848,11.631091621495068
2000-10-31,-2.007331992795267,-0.619453264016719,-12.070647328544492,12.530443793706867
2000-11-01,-1.998399658400869,0.5224078791438804,-11.495009050081318,13.266961288932428
2000-11-02,-2.01624600956267,1.2539480289941558,-11.063956616993899,13.46169022160869
2000-11-03,-2.2416625180201977,0.7777675843137505,-10.682476985528885,14.334938656673744
2000-11-04,-2.638605736310691,1.5747711146753045,-11.395358796733538,14.190512167711201
2000-11-05,-1.554650514963246,2.0222625206150333,-11.61181921556235,14.840467464612647
2000-11-06,-0.37596627658200266,0.5996587001485962,-11.321715023657068,15.20959338099262
2000-11-07,1.2284905161158763,-0.6755232815608487,-11.057760319342815,14.3654481756068
2000-11-08,0.3013393425417643,-1.6434431466022419,-10.423570243676519,16.766909527843122
2000-11-09,-1.0702807541501027,-1.047329605661571,-11.961319225469769,15.84995082662977
2000-11-10,-1.196963815480502,-1.2196985081593155,-13.992945452598128,15.878797698497335
2000-11-11,-1.4864380403175694,-1.4002690069235038,-16.00964111061062,16.324175063691285
2000-11-12,-2.1271201481801083,-1.6800187838262395,-14.123534027371981,16.284667481380918
2000-11-13,-2.8441280021889734,-3.627322426632613,-14.02290726931881,17.47940988279179
2000-11-14,-2.041434337034284,-3.703468337334037,-13.37801215640568,17.560278860547974
2000-11-15,-2.86020722818059,-4.593567947306539,-12.806490747107025,16.18210668926314
2000-11-16,-1.6054315521336155,-4.551557397822596,-10.830622363316335,16.495882658505835
2000-11-17,-0.9902544454423713,-2.671519798201836,-11.36274702563123,15.069505655771643
2000-11-18,1.4273695489595024,-3.1193406414245657,-11.348950775754227,12.641394674343303
2000-11-19,1.646868840091117,-3.999228525288041,-10.867304440372978,14.034144637396023
2000-11-20,1.3549146523776645,-4.814027967310138,-9.076309851603064,13.801033222332522
2000-11-21,2.622179714014541,-6.223959701094355,-8.608478457633915,12.874679475937725
2000-11-22,2.8931295012154803,-5.764830389064764,-9.296849753487448,12.668968306196344
2000-11-23,3.419718273673613,-5.7008568838127065,-7.81254795661334,12.331498571795962
2000-11-24,4.041198456743953,-7.156166079286633,-8.638267981984214,11.650197169409253
2000-11-25,4.759527547055861,-6.998740114706104,-9.76719908415521,11.441401592423375
2000-11-26,5.924556982692979,-6.0844062516175175,-9.294742338375219,11.128851180410422
2000-11-27,5.699061229073798,-5.675710030989739,-8.982449003956818,10.059197110556104
2000-11-28,5.820199080165246,-6.837697413133916,-8.873864535303062,9.772350813727753
2000-11-29,3.791966768701385,-6.7251650892876045,-7.768419621983759,8.16013122156258
2000-11-30,2.670317117250824,-7.938383247402525,-7.973174748810188,9.7076550580857
2000-12-01,2.696765857574819,-8.562672981991907,-7.269351082023536,10.184029927506296
2000-12-02,3.398195338307547,-9.957960629843338,-6.800594196180524,10.095312822127838
2000-12-03,5.749679231872815,-8.964888637894171,-6.365930226191353,10.443360793418808
2000-12-04,5.745604842813988,-9.38254461148651,-7.4078795170569975,9.884080542512121
2000-12-05,5.526860222440342,-8.89942630151996,-6.101960326983485,9.147063139644843
2000-12-06,5.419865934788472,-8.234051807773035,-6.703012046528571,9.268770482609854
2000-12-07,5.623327649593133,-7.039524467978135,-7.242572656278107,10.73821554864561
2000-12-08,6.217784951830381,-6.811556543309282,-5.338762785479943,9.597225245412039
2000-12-09,3.4030546323184585,-8.445016868887327,-5.270057180768508,8.27093106668373
2000-12-10,3.266097884107189,-8.738771168306783,-3.658150129157102,8.269308253242627
2000-12-11,3.9003898060589868,-9.387161428582507,-5.000981632614453,7.6458059724810425
2000-12-12,2.702773358225822,-8.257663560757567,-5.492713446236814,7.178723529681458
2000-12-13,2.583091926392042,-9.337290896066879,-5.533734612472646,5.658295889407079
2000-12-14,1.9981138042518882,-10.177319242699282,-3.3103485985581225,5.272029996574345
2000-12-15,0.8346515445144163,-10.469693184267504,-1.7722762741696343,3.4352399217815996
2000-12-16,0.26175725239807524,-11.727775778801735,-1.1423947789026911,1.9787878348832035
2000-12-17,2.505157266235167,-9.315074386128737,-1.352852311285453,3.1813999555424477
2000-12-18,3.9413264623635773,-11.901170871461206,-0.9154231568653313,3.463613761169665
2000-12-19,3.1296032548830355,-12.076427125333648,-1.0218669821223898,4.575723893801146
2000-12-20,4.124992186377263,-12.60869636451854,1.5335988066751844,4.165425399845004
2000-12-21,6.456081371217646,-13.166636513920134,2.070969110741129,2.8346587895113147
2000-12-22,5.901656145885973,-13.162563208861087,3.0103585898927947,1.7080054913313367
2000-12-23,5.471590420878008,-12.226233642704809,4.896617048632178,0.9149192659573478
2000-12-24,5.850144733087511,-12.737952471031495,5.178545889294426,1.6392694347671155
2000-12-25,5.6899163378126705,-12.777922748950916,4.936615651793055,2.3951312171452352
2000-12-26,5.4928239938336505,-13.282768415057417,5.5872838078742575,1.611335525817607
2000-12-27,4.253106555228035,-12.816744410117815,7.047422202444501,2.48493805524341
2000-12-28,3.435707923298524,-11.926153433772853,6.253056876418069,0.7519585778468632
2000-12-29,3.9424073599642906,-12.045694573155982,6.860572844012545,0.9211931125745063
2000-12-30,3.0120368152552137,-11.575829706150765,6.140172381658405,1.1833366159097092
2000-12-31,5.263170782907788,-12.94395693357814,5.033279256770117,1.220568763632704
2001-01-01,4.200416477678083,-12.46944505136086,4.223345512083922,0.5066016391212205
2001-01-02,4.55191451204079,-12.30729233786864,3.126947478705585,0.17304689700073211
2001-01-03,3.1351687911667816,-13.785371473842943,5.154339938026348,0.5102081885061529
2001-01-04,5.942186721385104,-14.818176088790864,5.515083813773468,1.3221473929636427
2001-01-05,4.2599818220933106,-15.89937277103068,4.861487097627268,1.988542196880939
2001-01-06,2.6615957973342157,-14.397670685862227,4.89145735928899,2.6738661650369413
2001-01-07,3.0892576857891823,-16.36304516450252,3.474975493009781,3.183416928158106
2001-01-08,3.817830458555467,-14.251223673029832,3.3897714520362006,3.384518460734582
2001-01-09,4.844873240927918,-15.439285082295152,3.869806627799865,4.74352946712866
2001-01-10,3.0438318331885332,-16.167123886280564,5.059165842386806,4.882068429595145
2001-01-11,2.0005736335839046,-16.31633331559417,5.516184873558697,5.276003228867429
2001-01-12,1.7605792631550883,-17.149884287829515,5.40614499356332,5.713550534636988
2001-01-13,2.5551065966349906,-17.998779973009174,5.002196862917525,6.615779685927693
2001-01-14,2.7825418259723373,-19.108691712314315,5.7561404547865465,5.986878606648097
2001-01-15,3.7582659547654766,-19.068481589542422,6.315741845077049,6.515412364628422
2001-01-16,3.3976201063168507,-20.399139421382664,7.823356476989365,6.537801803174599
2001-01-17,2.3543763968148745,-20.555412247534417,8.818472649850483,6.19293551630826
2001-01-18,2.298145321649565,-20.422706300464245,10.637541302918432,7.322992779118598
2001-01-19,1.366725164759834,-19.82945857715367,13.261660450880155,7.96613038305143
2001-01-20,1.5205490681406861,-19.060169842510177,12.666099814229284,7.329897232492921
2001-01-21,0.42343816109735033,-17.972661345224566,12.39733912515874,8.400056270226584
2001-01-22,1.5788915764236424,-18.644105622084084,12.720718410851006,7.872998688259867
2001-01-23,2.0831687438811657,-19.339343590513213,14.419131153965964,9.589442412802713
2001-01-24,2.9567779361001083,-17.28261628346385,13.562153050166572,9.335096095786216
2001-01-25,4.324915153999245,-17.944289341607195,12.78893991743515,8.914692035695456
2001-01-26,3.0554188820344637,-17.55657253947714,11.753002152420928,8.856274417553152
2001-01-27,3.247601520061435,-16.998002723877324,11.532260262731112,9.28567816280971
2001-01-28,3.0672338724798425,-16.69093003171399,11.424579517017772,8.081474703811065
2001-01-29,4.008441142658986,-18.00406793682194,11.900593525867738,7.642312465752306
2001-01-30,3.9200366191022384,-16.91258813416626,13.628323731253415,6.3447569833913295
2001-01-31,0.5654307550651496,-17.007059127542362,15.37944160336683,6.25171051258723
2001-02-01,-0.19020331782600441,-16.042957008943624,15.355389134993604,9.34868458223621
2001-02-02,2.2218675713760088,-15.678408382475356,16.007176325882128,11.053823847351927
2001-02-03,3.5685658527626756,-16.064741785783337,15.959408911281665,12.371893595957111
2001-02-04,2.262044097674972,-15.62384687635,17.878568364505373,13.354963469106234
2001-02-05,2.8287369951679358,-17.287337906343225,18.134159527537776,13.165451213017562
2001-02-06,2.5685120307468567,-17.31331959802406,18.847010065331585,12.680585003323015
2001-02-07,2.6272749778242264,-15.905258180104516,19.878520161115485,14.745789371760777
2001-02-08,2.7501585692355235,-15.914677562553893,19.605399092798613,13.06863331799201
2001-02-09,0.7517317542951936,-16.70393084115514,21.136213903256326,11.22076076441721
2001-02-10,1.3213957909693241,-16.275237695186778,24.107796704846006,10.821822875116153
2001-02-11,-0.32122793030514085,-15.747999141061404,23.102619367776025,10.935204485824373
2001-02-12,1.1482444629162234,-17.14852685372156,25.5169160306062,12.330951726860992
2001-02-13,0.23094661902642144,-17.952199280732096,26.48024376643556,12.807144941142251
2001-02-14,0.8607972619519861,-20.646348549129137,25.537152872007702,13.891840397309833
2001-02-15,2.779518404418815,-22.602162042050825,25.62338660923893,14.566488640898875
2001-02-16,2.1894085404022348,-23.579279801041437,25.411991756631405,15.947678619904723
2001-02-17,2.482530242746869,-24.934777710452725,25.80214895704623,16.172124949210154
2001-02-18,4.760217226492303,-23.30868058173802,27.338873856293286,16.28407784620401
2001-02-19,3.7863902936718867,-23.697743953723748,25.73613200264972,16.460196568966904
2001-02-20,2.6801916355757087,-23.630740957286626,24.574959288197007,16.753086545232566
2001-02-21,2.206582807336927,-23.037397950557317,23.385549257610077,16.41973663363092
2001-02-22,1.4835599710031273,-22.365457980981972,22.82578021698402,17.99002435099276
2001-02-23,1.0951167792523488,-22.30991622268542,23.382152135256423,18.270875742992594
2001-02-24,0.291612076911526,-23.361349959035785,24.16181494840731,18.688507110422133
2001-02-25,-1.3053771131946639,-22.83400530855798,23.598410644957156,18.976729230442324
2001-02-26,-1.6683447931761035,-23.64282254630148,25.058230215521597,20.00968987084145
2001-02-27,-1.251910927245976,-23.807188251101973,23.12966463363597,22.31816699788511
2001-02-28,-0.7696841811171748,-24.927012195710144,23.9830744549726,23.123718060496444
2001-03-01,-0.8696322038160446,-23.213457194862695,20.49261565334427,23.37385488483245
2001-03-02,0.8070062221810753,-22.547294154346115,18.954610161221904,24.27948780754373
2001-03-03,1.9657467502983432,-23.75331875306547,18.93276270896131,25.177979490014557
2001-03-04,3.010321193512734,-24.346220568452086,17.7955159331139,23.521567551629683
2001-03-05,2.8191384700262603,-25.28744293218927,18.744019553968172,26.93560414375161
2001-03-06,3.229993218537933,-26.588436248541278,19.839039769695248,25.156002841708453
2001-03-07,3.5192307839401114,-28.186130008873295,19.904807124363263,25.5597970537417
2001-03-08,5.8769157439941395,-29.582349119440302,21.507589303586784,22.963417376750684
2001-03-09,4.223842793567339,-29.516402542018437,21.019616612297003,22.014409501412665
2001-03-10,3.7429787271764234,-29.17876247795181,20.39434655805135,22.083530331832335
2001-03-11,2.760032808540775,-28.2903426731223,21.947956245768488,20.93128377119535
2001-03-12,1.443755045961133,-28.472032046810366,22.834381923006568,22.30415943307748
2001-03-13,2.6283205317650995,-26.885792473745845,22.80735896938566,21.368674481089638
2001-03-14,3.071234459318217,-28.444782753801828,22.614569718362873,22.50662454976305
2001-03-15,3.39048694735495,-28.42629031710416,22.308966461225925,24.194765971347657
2001-03-16,3.1071304039634695,-28.547747493799438,21.195310672781574,24.68273489253688
2001-03-17,3.64153840080253,-27.308693328037315,21.499638292994547,24.9657257348332
2001-03-18,2.7236323916672056,-27.94922630667034,20.593930689466973,25.251061969067017
2001-03-19,2.7119690479097684,-28.55816200610905,19.732002761141548,26.274454336785393
2001-03-20,2.3537565706284806,-29.11896416061155,18.73500203235723,26.78545627180062
2001-03-21,2.150201662981306,-29.975517102705073,18.391987557600117,29.0067280801918
2001-03-22,3.003417064014073,-31.261963192145554,17.226830087493276,28.41821918888786
2001-03-23,2.869670835453661,-31.355497602128487,18.865123777959003,27.40643546072388
2001-03-24,2.7843974938019156,-30.007764772961202,19.997282213889847,27.07964640062664
2001-03-25,2.14046596289936,-30.088789699035935,19.51259610062404,27.722927288183936
2001-03-26,1.1954856568491434,-30.00849399920295,21.420296986189275,27.062381734130117
2001-03-27,2.4967360131876926,-30.51657000680948,21.95428262852212,26.029222617952804
2001-03-28,1.547238702971896,-32.76031776429628,21.868311203506128,26.818591587648104
2001-03-29,1.793878253751992,-35.73604819542369,21.317582670673687,28.304307873042646
2001-03-30,3.368440832184866,-35.00724779921162,22.623001083131207,31.36791126424839
2001-03-31,3.1303678472531056,-35.32029609400895,22.75790858041154,32.149683896416505
2001-04-01,4.348979789378312,-34.71115512703918,22.797431399265538,31.9316735442912
2001-04-02,3.3936168016132817,-36.15045517766377,23.310010525541433,31.296987295057598
2001-04-03,2.193686787535194,-33.831768839307074,21.510962093420716,31.943781941665378
2001-04-04,3.6464957319015134,-34.407204720199296,21.198451463826938,33.065306287745244
2001-04-05,4.442468490723648,-32.86703425673935,21.92498838757512,34.16396026847187
2001-04-06,5.494269328630189,-32.928265789291004,23.434772785902606,32.7852258548509
2001-04-07,5.246199266232154,-33.39527280852896,24.284232571192604,31.46906022206548
2001-04-08,3.7835472360734963,-32.36953632217607,23.872372889971878,30.906394462654642
2001-04-09,4.038892343926205,-32.300079275203956,24.645083033112854,29.429923673894557
2001-04-10,3.3279432260003876,-31.441111273122168,25.843331985836386,29.274992407633544
2001-04-11,2.030173613799443,-32.67795629125538,25.55597959999292,30.13718137310988
2001-04-12,2.8199181006019836,-33.585249369568906,25.20626237478791,28.958398438255745
2001-04-13,2.9176863211952555,-34.449246255922894,25.306618767746507,28.13803077481511
2001-04-14,2.83119740406345,-34.73894783713641,24.507164504715874,27.56336313704424
2001-04-15,2.8041146280390135,-34.232163993611614,25.227183203657866,27.625021086603105
2001-04-16,4.188286797412277,-35.444013415276466,25.59666234463536,28.165481460704935
2001-04-17,3.9345704703537048,-36.024791232047896,26.991819609628163,28.143182377509596
2001-04-18,4.5712149431141995,-36.92957147996457,27.465463917047522,28.15678441268736
2001-04-19,5.209373543744402,-35.44922342051163,27.34375779994195,29.198353755342467
2001-04-20,5.758378441876063,-35.775591553759824,27.814734250908884,27.236684109502256
2001-04-21,4.816025504833574,-37.18993940888378,27.218611758309216,27.765197920077192
2001-04-22,5.360258181596856,-36.65326914273622,28.916459984227387,28.420065401594822
2001-04-23,5.293166885179046,-35.734761371252034,28.352852092056086,27.11266335119947
2001-04-24,4.0678640159696275,-37.0444501784977,27.38010621066589,27.86820549859108
2001-04-25,3.338459467940306,-38.487871558428964,26.129453180684784,24.338461736946417
2001-04-26,2.677658407149847,-37.10890674578782,26.891510305119798,25.07580660279862
2001-04-27,1.3289072833631967,-35.505575925872805,26.457985661956325,24.699303323540814
2001-04-28,2.6318936546108977,-35.48276117372932,27.200894476056355,25.246135317397915
2001-04-29,2.337314593737421,-35.708735171801855,25.534555762164686,24.601644977238156
2001-04-30,2.1181986053411785,-34.82805326850753,24.17970030098106,22.338627808284816
2001-05-01,3.8621109471066584,-35.79364792550807,23.15425593929057,21.922882178816653
2001-05-02,3.8263234982011802,-35.5817517467598,23.02563918198208,21.6490156325745
2001-05-03,2.974704424570771,-35.239733337180255,23.618009097132248,21.51881783145819
2001-05-04,2.0658323429205403,-34.95278351197337,24.334523912837614,21.635094925509144
2001-05-05,3.507984581773467,-36.02199818370682,25.07590929300275,22.40811411334125
2001-05-06,2.648318133373048,-37.035392633155126,24.436626457781145,22.86889969556308
2001-05-07,0.46395922950103996,-37.86022907525908,24.69034319659034,23.731202554837036
2001-05-08,2.704283889906068,-38.515050677814784,23.851480362603674,23.4164735196609
2001-05-09,2.4476623259160117,-39.5191514405374,22.738352553913213,24.356587259255182
2001-05-10,0.7493454243688609,-41.558277128360245,22.29285790838278,21.674648761189474
2001-05-11,0.8716738546423406,-44.95883177597991,22.253150192004917,22.630468186030072
2001-05-12,0.8363774501618194,-45.962425754584615,23.110173600575497,24.08623430641233
2001-05-13,2.0884238110121087,-44.91828025215037,22.976132216918053,24.53860590669956
2001-05-14,1.6217982074889137,-45.066511854062796,22.54543588547562,24.14281801172046
2001-05-15,3.270655176747632,-46.877933234885056,22.04310163505278,22.9921450245418
2001-05-16,4.028753890178001,-49.44944148921055,22.76757412426673,23.0005953707378
2001-05-17,3.1407018674348963,-49.019339557206315,23.59609026847035,23.442937290352535
2001-05-18,6.167750511882053,-48.044945042643974,23.84060300724067,22.46700996810679
2001-05-19,5.976918404782299,-47.85941212629158,23.300272934218476,22.236621582345403
2001-05-20,4.503114419828675,-47.370675839478444,22.49815131525074,21.535600057671733
2001-05-21,3.4236499506665634,-49.048362034071474,20.42184575484322,20.647596072424143
2001-05-22,2.9171931608537607,-47.16336464768861,20.398825999563662,22.182636934026974
2001-05-23,3.9721814717563797,-48.776660939649155,20.040573077330034,22.876294755476362
2001-05-24,4.038880093380801,-49.711439455109534,20.641600899781402,20.63118024461801
2001-05-25,4.3224814679358765,-49.41300311853789,18.79546514019532,20.71565743462701
2001-05-26,3.7772062937445123,-48.530973543111365,18.300333857581307,22.188352132805807
2001-05-27,3.073072904194754,-47.69255355605815,19.57506884064083,21.151045048905385
2001-05-28,2.783357543271625,-48.306096261265665,18.607378359180895,22.34112705408149
2001-05-29,3.066854016004576,-47.596527606627824,18.743825753478728,21.93451988785722
2001-05-30,3.6005235528597814,-46.7691245385661,17.83093690057512,20.573164102372402
2001-05-31,4.024331550589013,-48.78920335974518,17.086510753225667,21.079955039811225
2001-06-01,4.951948846162108,-48.94873044075381,16.88017131617762,23.334412581068012
2001-06-02,4.259804703975081,-48.73846176383568,17.823100229993397,23.719059317370874
2001-06-03,4.472463185504924,-47.09812197086938,17.834077686891604,23.627935727915602
2001-06-04,4.392603927905349,-48.48014059423879,17.795662255367255,24.795744575321034
2001-06-05,3.0345386760517794,-48.753179910916764,18.487591870736203,25.90107526103117
2001-06-06,2.289972616932367,-48.89440272324755,16.487994283211165,24.061181674871907
2001-06-07,2.7655451017109645,-47.78043083332501,15.120186956086076,22.50390218131555
2001-06-08,2.9611136396128375,-47.96411869763169,14.869252531420265,21.688160936908584
2001-06-09,5.781800114492436,-48.012515175197336,15.833018617367442,20.25622672662568
2001-06-10,6.248608746848963,-46.64376101507334,15.016655904036686,21.45224777791587
2001-06-11,7.589387412190328,-47.70486118693197,17.126962117405732,20.633346248080514
2001-06-12,6.83131968534467,-48.860935219162926,17.636562747593498,20.489375142505793
2001-06-13,7.906822677556615,-48.17600516149791,18.22842383546291,19.467492761305746
2001-06-14,8.43229764684016,-47.22714687026861,19.578939437986623,18.40895053327237
2001-06-15,8.203061827842538,-46.64898378752566,20.273451607691225,19.210308498776936
2001-06-16,8.85161645825769,-46.859647498807604,19.02590184858088,18.708339614671484
2001-06-17,7.62526028919576,-46.806741213414114,18.181249386134464,17.361621229867325
2001-06-18,6.338848954513157,-46.42107556756263,15.152861615354592,16.592736261131407
2001-06-19,4.7556677091456,-45.41083972230868,14.405835263369816,16.957189426523936
2001-06-20,3.7373970582340235,-46.904951503879595,14.969275728631713,17.155393319236907
2001-06-21,3.692778085076687,-46.46460584694175,15.124647753685892,18.61141618903374
2001-06-22,3.6667595682891023,-45.641431494990044,15.370668479793608,17.35462561083732
2001-06-23,4.174011166532976,-46.45336360184414,15.551604715683556,16.66019961236105
2001-06-24,4.602539383190989,-45.546568464021476,15.355181554510787,17.783740385095886
2001-06-25,4.127357426594386,-46.43076356373507,14.36651787212137,18.15160166598063
2001-06-26,4.723545154497094,-46.59267221794014,15.413064480391416,18.502536557933833
2001-06-27,3.7388656663298705,-46.47254156542547,16.203502588390947,16.853552120228176
2001-06-28,4.063770777891061,-46.74279941332625,14.55040104149068,15.281381807013059
2001-06-29,2.754516754063216,-47.791893659754635,17.12876474539287,14.780431833406668
2001-06-30,1.998824091771504,-47.32047803390085,16.20028677707864,14.900154310614061
2001-07-01,2.1712903426952104,-47.175604635844664,17.157115108776228,15.282391756636958
2001-07-02,3.5267690635393287,-47.299375647877554,16.427315332894135,16.709554296766083
2001-07-03,2.626520829128206,-47.665539835761614,17.389393735758087,16.342051011905003
2001-07-04,2.78447930007491,-46.85306346422168,17.017498647854257,15.823102188128928
2001-07-05,1.6019797647563492,-45.8301389736369,15.472922161114145,15.73675345930464
2001-07-06,1.0433142692530752,-46.84884838236276,15.139996835552271,15.063794700506843
2001-07-07,0.7133240109382154,-45.14518185551853,14.118043774973357,14.187334855454381
2001-07-08,-0.010682438204576483,-44.26949552604008,13.514911192427546,13.82610403240253
2001-07-09,-0.6063369989910429,-43.301629967615995,13.872717219861688,13.934279974516366
2001-07-10,-0.4264567679628155,-43.23633335118858,14.32195380910423,13.544853398840713
2001-07-11,-0.7194542919572935,-43.72199314321094,12.740449137499631,14.311677990500565
2001-07-12,-0.08728846370674415,-43.62261646293036,13.599728357004038,13.591679499626197
2001-07-13,0.2325391459455589,-44.46634839793788,11.491525502314666,14.767421763983549
2001-07-14,-0.4028978741378273,-44.05507931505873,10.194416496556167,13.74845078203425
2001-07-15,0.26490705602391706,-44.1354500961627,10.224330883288028,15.232867140626592
2001-07-16,0.966282847145917,-43.4138197948888,12.152298888239171,14.90129997695665
2001-07-17,-0.014893811209757968,-43.31930575503208,11.211228067696384,14.484056566564504
2001-07-18,0.5149654725538807,-42.579143799508046,11.89241750365224,14.820774846918436
2001-07-19,1.528281809909779,-41.50203401991022,11.895625263432311,15.52071674693093
2001-07-20,0.8266274988200574,-42.25802055751537,11.282323373762203,15.409085214597965
2001-07-21,-0.06641083250131119,-42.48637466328149,11.746754158591528,15.76548789818556
2001-07-22,0.3722188004275844,-40.49951185077524,11.611191353138336,15.860100564274473
2001-07-23,-0.27256094315075197,-41.32521761372813,9.763643741732027,17.013195821601713
2001-07-24,1.3016442528529817,-40.63715343809273,8.84902007481213,16.833677437798684
2001-07-25,3.0181823664918506,-41.40810255892852,8.581743129996719,16.46571749841238
2001-07-26,2.5826933671823804,-42.99431211789836,9.110003713807103,17.22149095410775
2001-07-27,2.602337558950658,-43.17953993680348,7.728742998099072,17.98284675658308
2001-07-28,3.7783942957437366,-42.92855863928487,9.377680746731636,16.824200698742388
2001-07-29,2.9901898358469867,-43.41362709742608,8.509050049105635,15.1893410737414
2001-07-30,3.067268785675399,-44.09074109346598,8.869491712350637,15.457856985146003
2001-07-31,3.4751979387508807,-43.93200565763594,6.832536181080126,15.589808453558588
2001-08-01,2.8798663374876763,-42.20458226498405,6.07821942249728,15.923739996911417
2001-08-02,2.608723599292184,-41.21446463724054,6.408521489434685,15.85984839814958
2001-08-03,3.5427199866647765,-40.73367679196746,6.874537307294432,16.550505666397566
2001-08-04,3.0542078206067993,-39.94045334178671,8.151444455324654,16.56347301193873
2001-08-05,2.114448796654809,-41.347158342257295,8.686727678189005,17.111251504129328
2001-08-06,2.9204588275880488,-41.45381684845537,6.881558465386183,16.304362462288946
2001-08-07,2.1710701734333258,-43.07550208372693,6.432796810427364,14.5757231032167
2001-08-08,0.8930355560189831,-42.04986052776324,6.285846211574829,14.658646101133439
2001-08-09,1.9645005333639585,-42.82543527489049,6.012687114129269,12.78723720293285
2001-08-10,2.6244888412930036,-44.671468909401774,4.235688958677137,10.898826167822769
2001-08-11,2.5457793785183696,-45.180734992971054,5.153299584472838,12.091665587948718
2001-08-12,2.680063006892226,-45.47634841896176,4.704416144081195,12.826707643588865
2001-08-13,3.5898283105918227,-43.77587101907993,4.388887463632141,13.137917016146744
2001-08-14,3.60702023865948,-45.45210269543873,6.516696712786244,13.82724456191379
2001-08-15,3.6259975882020963,-45.14044685733597,6.841123980265272,12.18104380739969
2001-08-16,2.8825161470533525,-45.49068014974322,5.956519884769955,10.91038486948707
2001-08-17,2.8199149320293917,-46.00149729156489,5.341753156995074,11.474824208837719
2001-08-18,4.936460404862647,-45.769047121989814,3.61566122856021,13.88084676736937
2001-08-19,2.7391730481928414,-46.312237058373995,2.717219328485845,14.928782606337952
2001-08-20,3.006159574056827,-46.25915057646479,3.3558068579218108,16.64216316914895
2001-08-21,3.323106007267667,-46.698804078312946,3.762921493130715,15.719776000201868
2001-08-22,2.8596548848372243,-45.81247184668045,4.919457786273722,14.856203620758816
2001-08-23,3.9815977007552057,-45.61804729725809,5.414164337747327,15.892051160070718
2001-08-24,2.3656886701045297,-46.94184308578971,5.398596727444123,15.506078460675807
2001-08-25,1.7565642267746777,-45.761091907500585,4.581990816108573,13.646401984178897
2001-08-26,3.1568073559103693,-44.962315316418874,4.477979638822058,14.713571570541223
2001-08-27,3.755576204266795,-45.36276985217406,5.49869477877374,14.692193640678086
2001-08-28,2.591286710189639,-45.014191522500624,5.231163158580318,14.196738720590018
2001-08-29,1.7307445402683268,-43.81927581652183,3.8220630256688315,13.958522633054661
2001-08-30,0.18524026642182023,-43.196336856765065,3.1236028330294325,15.607334169335775
2001-08-31,-0.510127930200611,-41.6784003592873,2.799538166643674,15.546836380675476
2001-09-01,-2.267921683954513,-41.486730514442534,3.020066301758709,17.36643086398477
2001-09-02,-0.8222373271788523,-43.02461111208464,2.635382144742071,17.185747628723398
2001-09-03,-1.2746364875504954,-43.342470791189186,3.635433405251937,16.682340061550015
2001-09-04,-1.5177704748297378,-45.04325166637638,4.054353409078975,16.17350811901622
2001-09-05,-2.512173820981916,-45.52496041288005,2.836603681856893,15.621769850719252
2001-09-06,-1.01545919028279,-45.43469849124551,1.6076363936506413,15.655001824553894
2001-09-07,0.6379891109544764,-44.46937869531823,2.2537334899540484,15.495839992126449
2001-09-08,1.2984888399033552,-43.97966663267106,2.736415876068267,15.506667105748635
2001-09-09,0.693485403210805,-42.759644717285184,1.718147997830392,14.030989237889898
2001-09-10,1.7946176799407194,-40.05262647769097,2.458854697181675,14.6463334464484
2001-09-11,1.9873335796943108,-39.301895811371296,2.1895941997501582,13.959006038914394
2001-09-12,1.9290025059699691,-40.50622405520933,2.28201088890233,14.724764639785587
2001-09-13,2.8825751478155146,-40.946532859921156,2.1962107321369815,14.53678652604256
2001-09-14,3.968023301891437,-40.03806048593264,1.512957966815211,14.898783333835343
2001-09-15,1.7281964078427605,-39.66535832740001,0.6356755897985255,15.674397183502375
2001-09-16,0.4505521000859676,-40.09686437778067,-1.5415736639935615,14.57361166334369
2001-09-17,1.9312264438299058,-40.17990976049565,-3.5930154576621938,16.610209807603674
2001-09-18,1.7582000654894603,-38.98072916187432,-2.599381259183701,16.5881970528028
2001-09-19,2.239742076362041,-38.83520418649786,-0.7083843771815368,17.05160015923835
2001-09-20,1.7948235815415905,-40.14283081243231,0.03711491266205558,17.191685476790564
2001-09-21,1.4455118970741687,-42.228436794345534,-2.311704525601071,16.515531891574092
2001-09-22,2.017649473176739,-42.73080075171054,-1.6425436080155165,17.150752724445447
2001-09-23,2.1491599800690833,-43.25937156090188,0.1723638998929129,16.347559199904104
2001-09-24,2.7960851683695838,-43.95187076781061,1.2561114590237705,14.286841533221706
2001-09-25,0.5203205266778581,-44.098353332588644,-0.44338445423692896,16.760378357229943
2001-09-26,0.9696416268213854,-47.54142779080488,-0.09579463585061904,17.564835093508673
2001-09-27,0.7046150532039213,-49.085845427788755,-0.3875962714671407,18.708753313911167
2001-09-28,0.4122873983206046,-48.44609697632791,-1.267299820403935,18.11422098188741
2001-09-29,1.4772950411127677,-49.61827349306813,-1.498827833857236,18.219666502355615
2001-09-30,1.9048598555663616,-47.1117739178863,-2.284565286035426,17.17863863143444
2001-10-01,3.3891232426280595,-48.26555247884622,-0.6763832586656489,16.78955799424761
2001-10-02,2.5057594410578883,-49.1666010535417,-0.5737211811110657,17.671036072179984
2001-10-03,2.167924261298198,-50.084868620880734,0.5927078462197147,17.48302841038807
2001-10-04,3.693319938483235,-52.32139730499516,0.9053982802208564,19.34698189875707
2001-10-05,3.323433329357751,-52.65808172108289,2.512129841178788,17.889346212353423
2001-10-06,3.393928446388163,-53.445056704881345,1.061577708319313,15.865610211842471
2001-10-07,3.892476425176885,-54.091658532292556,1.4495559948863046,14.414320713730978
2001-10-08,2.3113374812085206,-53.227115498396465,1.0275742302526731,14.459041765824608
2001-10-09,2.3624169994825786,-53.87917870824012,1.515019993103088,17.316565474390757
2001-10-10,3.964927904649687,-52.717086255718925,2.8426056194546248,17.10202547858996
2001-10-11,4.276670867276012,-52.22442048287294,1.7769775421041993,18.173870389069204
2001-10-12,3.8923034156628598,-53.02499122040058,-0.6378622379324237,19.39736746515659
2001-10-13,3.6319534663879285,-54.999187203674865,0.06026345316847803,20.327766562840168
2001-10-14,4.690335126894811,-55.08978057920174,-0.2924227942698278,22.52909784973147
2001-10-15,4.972990170439619,-56.555613328054676,0.2319610991327467,23.28439301272456
2001-10-16,6.470359113549192,-57.977639269283884,0.2125701777849377,22.412962011850027
2001-10-17,5.645368645760156,-57.96238779516474,0.12406620662877248,23.556853814439627
2001-10-18,4.170927116595579,-57.78415469898952,1.079651034608626,25.57171015388608
2001-10-19,5.0483035032189365,-56.83731517973746,-0.17829162102898688,25.57050714377159
2001-10-20,5.170444728568608,-56.72537154448089,0.3345163066940553,23.846100534406656
2001-10-21,6.334797570970464,-56.43082389276049,-0.12577129615748794,22.629879491457753
2001-10-22,9.773426419878513,-55.36118834420797,1.8502189998849328,23.469444433750617
2001-10-23,10.311938018535672,-56.19018353162673,2.6472131756944375,23.143066937546664
2001-10-24,11.651855107072363,-56.83799391731975,1.4718292479987307,23.99317547988415
2001-10-25,13.489555920475336,-57.439099994668524,0.7334472484283819,24.655781255442843
2001-10-26,12.83779045266615,-58.2071424258943,-0.30417575849394185,23.222814417291573
2001-10-27,12.935877602162552,-57.35783010978931,0.1983509194579275,23.139543536937317
2001-10-28,12.470354130065946,-57.92897883500053,1.2279471198064527,22.244440935292324
2001-10-29,12.728796713152914,-57.18486279382714,0.7954006643519209,22.700703158537298
2001-10-30,13.08548788944027,-58.25972402982842,0.14570772987252634,22.52653619865862
2001-10-31,12.601696224869823,-57.33078847862633,-0.5474735109969854,22.471185708240814
2001-11-01,12.598343875618978,-57.84893061606458,-0.6372108996524865,21.861857742588725
2001-11-02,14.284892398863049,-58.73914044951849,-0.43780458814019485,20.462987025735696
2001-11-03,13.802943282242628,-58.12455443678559,0.23764788630934863,19.659652722837507
2001-11-04,13.802354184036679,-57.372046451973695,1.2153664637793409,19.01024877478239
2001-11-05,14.425890036684118,-56.68254993183332,0.5048769620487482,19.09519800517645
2001-11-06,14.980329105083433,-57.636521712541835,0.5440603839890193,20.108699464048527
2001-11-07,15.931927466988748,-57.34625473347769,0.31960117891640993,22.786245042969437
2001-11-08,15.991932229808384,-59.45377479449836,0.5385051037824908,21.44563888247552
2001-11-09,15.110387292724601,-58.741211931224505,0.9234710652923777,20.48438804188821
2001-11-10,14.255086885505674,-57.298265727518626,2.3208338723352018,19.36965574413814
2001-11-11,14.107804304027116,-58.28777365082418,0.8775188860891197,18.232187041146293
2001-11-12,15.062175878893488,-56.74452863125116,1.8222706590568039,16.533511428425857
2001-11-13,15.040918355372888,-56.24262412207355,1.06498164521849,17.335917233076746
2001-11-14,16.08461382946485,-55.86492875240943,1.7691051018809587,16.563035801523373
2001-11-15,17.959626216980812,-55.07791573941352,1.3184166575639833,16.010139307805062
2001-11-16,16.94516592529451,-55.202330634551544,2.5531043674346003,17.019485958139974
2001-11-17,14.88678080842337,-54.74788771393802,2.5102399854732256,17.97966108395417
2001-11-18,14.453634181261421,-57.42043533564553,1.12085361700192,17.87694081623856
2001-11-19,14.293766153728583,-56.98536551477392,-0.5845850354614128,18.93518458218127
2001-11-20,13.030634248078004,-57.16107829618629,-1.2967728237278169,20.48517197126898
2001-11-21,13.657821407288893,-58.95885857647171,-0.9516910141923669,19.805465805461246
2001-11-22,14.592001916137377,-59.07581693847094,-1.597838728140157,19.954026562450654
2001-11-23,14.315572703850732,-56.47747691753124,-1.5005976274298582,18.541588148685744
2001-11-24,13.820223609025375,-55.90662985803576,-1.5179430822026714,18.16392880745937
2001-11-25,14.763935338991343,-54.68878875959879,-1.4413259687228774,18.91771364065499
2001-11-26,14.2157915066996,-55.330380787209506,-0.6935169926516954,19.91342867186599
2001-11-27,14.325366034092632,-55.385882769461595,-1.3387638092275864,21.79925980552953
2001-11-28,13.890539314275431,-54.89508866918213,-2.2259705478874485,22.630830521705906
2001-11-29,12.985402234622097,-55.70140358044751,-2.1330727339100015,21.26975215215115
2001-11-30,14.520039678891791,-55.86898306947747,-2.214956215312983,21.16814615895121
2001-12-01,13.918540496219121,-56.626862213164166,-3.4490723425743965,20.82507927846653
2001-12-02,12.23611775380871,-56.14448352502059,-0.7536209504027096,20.546323900220564
2001-12-03,12.644216957429931,-56.04464601446011,-1.5721450166053326,22.577606738849155
2001-12-04,11.889006161737626,-54.78768745917933,0.4371460321833158,23.289697853446622
2001-12-05,11.108575985712381,-53.84583003454064,-1.2781347597226704,21.7725036051922
2001-12-06,12.156000131259471,-53.9746802951931,-3.6622998758520433,21.156866590894204
2001-12-07,14.344879913143775,-55.00129550828892,-6.104292713985043,19.23318500327438
2001-12-08,15.147555887654825,-53.88278488604299,-7.601491500630683,18.85698764725927
2001-12-09,15.999907436531947,-54.65325097890703,-6.801438709055074,16.6070247950076
2001-12-10,16.09818453082564,-53.99040410610872,-7.7300543503933525,17.250014038776726
2001-12-11,16.60565803017962,-54.16675753264885,-6.8916795870853615,16.430343215380745
2001-12-12,16.124864127708523,-54.34318610437279,-8.122043948779446,16.579441036795043
2001-12-13,17.432537189825922,-56.407931517757504,-8.159855848216008,16.42573797457668
2001-12-14,17.18588769740528,-56.66329183920613,-7.357813009387382,17.337555152333287
2001-12-15,17.461414391842563,-57.990952274352196,-7.043015559497121,17.696287999620296
2001-12-16,17.672646767805293,-58.57553239107221,-8.779419136072615,19.109006289547548
2001-12-17,19.061818495807547,-60.15954623433717,-7.065122889944618,19.923520283913692
2001-12-18,19.950058380794296,-58.12138976930229,-7.3074904267328495,20.80077440964992
2001-12-19,19.676165367863053,-57.87664410975499,-5.805123839954122,21.271161276656343
2001-12-20,17.771459394618287,-56.10954355732677,-7.304997608228673,19.886275058713323
2001-12-21,16.74455625351249,-57.28089180998395,-6.936584897669006,21.58696715234145
2001-12-22,17.468626402679856,-57.903568582425926,-8.649926982913366,22.816571823587235
2001-12-23,16.86418688428841,-58.68904751888617,-10.12596348039733,23.393675959341383
2001-12-24,16.03024632952896,-59.04457491595007,-9.443422765097226,23.699973515559766
2001-12-25,15.339240054590947,-59.56719855412341,-9.490682289242137,23.677620665867995
2001-12-26,15.388557772864985,-59.05111010828763,-11.126279001199851,25.667013355564247
2001-12-27,15.95849190221921,-59.57233530239336,-11.948292133062182,25.144040804283268
2001-12-28,15.814761917013026,-61.05632698093277,-11.155891772295123,25.81564943516379
2001-12-29,14.319494191933416,-61.30496405840251,-13.218723590344755,25.390838599395728
2001-12-30,15.106241568581286,-61.860009867251705,-15.426093172104515,25.964133339020545
2001-12-31,15.830212536342227,-61.978977236689516,-15.196637070303325,25.04288263251296
2002-01-01,13.3355158490747,-62.156859780899126,-14.909073457131248,24.288405034607283
2002-01-02,14.126989423937045,-62.79361014346106,-15.784930727985014,24.98026577686078
2002-01-03,14.075587274094485,-62.30683906096746,-16.927023870699706,24.999452549620877
2002-01-04,12.775018653753417,-61.052334181022296,-15.406244864617582,25.89378816342832
2002-01-05,11.804068243770205,-60.619140932899256,-15.95979360636973,26.971093198360947
2002-01-06,10.616850018278788,-60.816605000165886,-14.869254429640833,26.29017026435969
2002-01-07,8.847352394214786,-60.70395357828153,-14.25014450253313,25.035221498661056
2002-01-08,6.23485254681936,-60.12860037319352,-15.510031109045563,24.30520262266823
2002-01-09,5.669345389126034,-59.54840577389566,-15.428995799076166,23.619934061948893
2002-01-10,5.097579992731248,-58.45808628984419,-16.960931671303232,23.238384189722904
2002-01-11,5.500407460221608,-58.87897615809592,-16.249420408069994,21.780678049650962
2002-01-12,6.073123136175953,-59.08427254177036,-16.24851079431738,23.29626037021409
2002-01-13,7.699874223439545,-59.44633986012423,-17.764599273589987,23.872737953139886
2002-01-14,6.127235594631926,-60.18168025693144,-17.985756081846738,24.42166612627577
2002-01-15,6.646674810098052,-60.06710242989682,-18.833593006051146,25.59189113570574
2002-01-16,7.533406815112384,-59.59265377942219,-18.62948265102279,23.58010104628958
2002-01-17,8.45668555580419,-59.89056780591531,-16.493963896305537,22.239981587061354
2002-01-18,9.013479361953504,-59.0825339923528,-17.580787075214637,22.314068041515295
2002-01-19,9.831963425614761,-59.305243997653555,-17.038188216605402,22.282944435263126
2002-01-20,8.961082856504463,-60.74398168098952,-19.238345480897703,22.585769037493737
2002-01-21,6.648032056173122,-59.405219346090206,-18.44589519308611,22.292421429621445
2002-01-22,7.174075715409536,-57.66363610868621,-18.253904201543307,22.988127938816874
2002-01-23,7.483744308919039,-58.95282314940959,-18.59415139136752,23.197317858815328
2002-01-24,7.741582573691797,-61.49386464819446,-18.65325170208261,20.681528335832603
2002-01-25,8.263457122564827,-61.96014413840906,-17.48344139888382,19.241393101519918
2002-01-26,8.173767892800393,-63.71324459017043,-18.310262898757035,18.753887614721183
2002-01-27,8.816651780324825,-64.88134672592867,-18.259775659296615,18.224696391659187
2002-01-28,9.038572975098896,-64.52990899259183,-19.498534421254014,20.12154198769788
2002-01-29,9.027161883174818,-65.58338261075431,-20.70006202435176,19.4791560075768
2002-01-30,9.412737736904655,-66.63335798766744,-21.871481355483034,19.120887982878994
2002-01-31,8.21842409162509,-67.42306336318738,-20.42339154398507,19.496019325329314
2002-02-01,9.368403014439139,-68.21128208629537,-19.99877493230816,20.711743616724434
2002-02-02,9.949762659547535,-67.78701900208486,-20.52278773448514,21.689851403564315
2002-02-03,10.117518299611842,-68.67314404713628,-20.742805484421094,21.65920414824355
2002-02-04,10.259520518959139,-67.41113520224866,-21.78516858538858,20.998205670250783
2002-02-05,8.171971294208063,-66.61558588960315,-21.689769481123836,20.255384577869027
2002-02-06,8.439666694420618,-65.547977102218,-21.77678020872106,20.953919869641894
2002-02-07,8.949695292327073,-64.15614143192994,-21.973944807307117,22.403203700591018
2002-02-08,8.338138034331285,-63.48402795752132,-22.3506956764352,21.83775015505396
2002-02-09,7.5419851943330665,-63.99751790060428,-22.398790352101994,22.099720955990406
2002-02-10,7.514389803902784,-63.038409070248036,-22.768109874889998,21.117420190218358
2002-02-11,5.7701229993473415,-64.77177323454674,-23.98252366763218,21.214707801320234
2002-02-12,4.952936687753382,-64.45650295494536,-24.96803955542608,20.06118827155369
2002-02-13,3.569153139801042,-64.52664851675615,-23.50966796178687,19.177926822652033
2002-02-14,3.2081227705612987,-63.07820700794763,-22.472657055251943,20.04441296863325
2002-02-15,1.675152288379764,-62.41452502454007,-21.988017811334405,19.293092677988486
2002-02-16,2.025607179771269,-61.432082616418825,-22.04385078676587,18.071410658146593
2002-02-17,1.8991303596638827,-62.44805640123899,-21.0932108035288,17.402072050422557
2002-02-18,0.46534158812031134,-63.44198454727827,-21.132687146153245,16.328586635655803
2002-02-19,0.41954754517820725,-63.27003240608743,-21.535871655843636,17.04423468871819
2002-02-20,1.4796611258845833,-62.869360435221346,-22.183199584614524,15.699405663771167
2002-02-21,1.3366538492023254,-61.81159206083812,-22.514943970518008,14.689113378391351
2002-02-22,2.622559190309265,-62.27632028797398,-23.443684914583695,15.023132537114007
2002-02-23,2.4149191614325973,-60.59031164075953,-25.12672216150799,13.710027940442108
2002-02-24,3.330655219130365,-61.33775118970796,-24.43317875100866,13.79930251286843
2002-02-25,2.503131856532487,-62.709090622610695,-25.0370500521177,12.543808791800654
2002-02-26,0.8710633006130055,-63.00351730484626,-23.5151802913925,12.728336042058125
2002-02-27,1.1980768908534412,-63.051338737824224,-23.487140692837364,13.441503476126762
2002-02-28,1.752151544598041,-63.39722069664799,-24.039248291153907,14.801848717946628
2002-03-01,2.6195359144911556,-63.29769888649963,-23.260752897960863,14.548876811421296
2002-03-02,2.2104814073240515,-63.125548483761044,-22.988371494681317,14.404421233768673
2002-03-03,1.6408285321891654,-62.4493132405235,-23.641417876875373,14.503912969396529
2002-03-04,-1.188887314649034,-62.589094369207544,-23.144721709430694,12.783536377893357
2002-03-05,-1.76698030530418,-62.82518372412916,-23.452924119702185,13.51115724983809
2002-03-06,-0.8639544650854174,-63.52418079366961,-21.49392137745682,12.704297935893612
2002-03-07,0.3661450171676368,-64.70981393089733,-21.25762419665623,14.183042890074125
2002-03-08,-0.8241686645535748,-64.63864628853771,-21.508648065863845,15.216835077362814
2002-03-09,-1.1064277669469376,-65.13800407680294,-21.79217913363559,14.503318592082396
2002-03-10,-0.9725540278109455,-65.28999364410063,-22.042781999666595,15.611084856935012
2002-03-11,-2.9880164031987464,-64.98989658854667,-22.909021307758604,15.34499280245883
2002-03-12,-2.252726020353333,-64.10403682069148,-23.9745404456651,15.192564347644101
2002-03-13,-1.0940092148717426,-64.00274238223186,-22.253620006427692,16.11791910405159
2002-03-14,-1.8172414376529094,-66.57690479475173,-21.01443407901065,17.900985906462104
2002-03-15,-0.8584703623701392,-66.08097349544309,-20.270517161143022,18.1392901104379
2002-03-16,-2.0868173803946535,-66.35189591324433,-18.414798196984485,18.56517646748683
2002-03-17,-1.873006520727541,-66.57616758560583,-19.20316425414987,16.993285938271615
2002-03-18,-2.125016858139054,-65.14655104254199,-19.670905171691107,16.619264504889447
2002-03-19,-0.31052687582273,-65.532578457189,-18.275936638722698,16.216635393160605
2002-03-20,-0.5144010179330903,-66.53390263953385,-19.873039151131078,17.013092361531115
2002-03-21,-0.6748314128945987,-66.31283542328414,-19.29833123078204,14.303871971666563
2002-03-22,-1.0968737006669298,-64.11749614029418,-19.538340776810404,14.837528380340236
2002-03-23,0.06761909554356205,-64.95964164788792,-20.09574484466471,12.904657653824874
2002-03-24,-0.8966446424286469,-64.7562249218573,-19.660944893708443,13.849972934280926
2002-03-25,-0.8787097731567359,-62.455196292304265,-19.52971650412244,13.90280102935748
2002-03-26,-0.6667060720850271,-62.166583117411925,-21.325580555158258,14.010985549926257
2002-03-27,-1.0010208455438805,-60.28381347689029,-21.33376460363787,13.737483789133362
2002-03-28,-0.7952531627474282,-60.897612935556516,-20.222562011031105,13.452865956174625
2002-03-29,0.5618155606166393,-61.47276920851716,-19.670002000526015,13.904750414577732
2002-03-30,-1.0237716048578842,-61.7963534499406,-21.197731451191103,13.564399942872734
2002-03-31,-1.4366370585144,-61.54949420863284,-21.672147130355352,14.513782610288489
2002-04-01,-2.7001008425898676,-61.285340008697794,-20.150755218637606,14.30701081012177
2002-04-02,-2.837450607964156,-60.24181812952603,-21.749423311802182,14.016634647987043
2002-04-03,-2.8299757323352313,-60.22753831083027,-22.972226604799808,14.243552738997659
2002-04-04,-3.534373480108672,-60.35137852922447,-20.98199234519738,13.293194683344673
2002-04-05,-2.138697660319873,-59.24604280573275,-21.811160541889283,13.196070367657718
2002-04-06,-2.1601444320947087,-59.10090079412922,-21.409389182613022,14.488557495811149
2002-04-07,-2.627171324448591,-59.927645112520835,-18.991138075203303,14.395346023986953
2002-04-08,-1.7077063724961175,-58.59076697280418,-19.009295309902384,13.363602967142857
2002-04-09,-1.460335218510293,-58.77614887400901,-19.108217442617292,14.209329818513075
2002-04-10,-1.277597866880933,-56.88483321844149,-18.478776332908552,13.240889126343426
2002-04-11,-2.855959025414384,-57.01865112354781,-17.485230025529688,11.477279349090129
2002-04-12,-4.249363618261183,-57.600957299176244,-17.06197548597885,11.016131272748755
2002-04-13,-4.000167945914783,-56.748787707276996,-16.942920701002574,10.125725963001003
2002-04-14,-3.872632722429887,-56.39385136653264,-17.63801475372705,10.625518099608911
2002-04-15,-2.3923355323774316,-56.724740536653776,-18.690536687841096,11.025372780979758
2002-04-16,-2.3696360760353348,-55.60265490833233,-20.435617687017928,11.816471078850073
2002-04-17,-0.5911550301641642,-55.821560708150244,-21.35496852769202,12.357622240101305
2002-04-18,-0.5489696504996551,-56.05935191260674,-19.327321836222108,12.337036747043344
2002-04-19,0.7799091930681683,-56.49987372950732,-20.149825019917717,12.922871432316251
2002-04-20,0.715562572794716,-55.827763134787816,-21.270718716286197,13.323019425204564
2002-04-21,0.3010321564832019,-54.83356153689138,-22.186894453626874,13.026781618807675
2002-04-22,0.0009248132116476127,-53.94534932059359,-23.193191486500254,12.708899243936324
2002-04-23,1.6260049298208648,-54.26286310182616,-21.0331781429733,12.680798883253503
2002-04-24,2.470202529219071,-54.350342279478845,-20.535458045532,10.186816316778133
2002-04-25,2.9986669712845946,-55.430585709435704,-21.42704387214062,9.969480808347459
2002-04-26,4.6804271071200025,-55.92879077675947,-20.924663363262454,9.863991417026954
2002-04-27,5.564747420508908,-55.60507061283893,-21.9572051207788,8.860485869874134
2002-04-28,5.776811675790569,-55.49144444166508,-22.794224960555255,9.427948789910841
2002-04-29,4.803044833190554,-53.270528742056655,-21.207049593285088,10.984111030949302
2002-04-30,3.9806111171065828,-53.065139433751675,-20.12253790281858,10.304874458880708
2002-05-01,4.084872521655416,-51.86851222780582,-21.773190485720512,11.477186079092839
2002-05-02,3.9412570855737346,-52.13242977956204,-21.22650979353562,11.528474143994417
2002-05-03,3.4892753459162327,-51.83141130822788,-21.130289177284453,12.178377130723081
2002-05-04,5.180184863992061,-52.685869393423054,-21.672742329277856,14.222240176345412
2002-05-05,5.875371290363536,-53.84150890851497,-22.10387017031075,13.49650223799917
2002-05-06,5.518258791646918,-51.940249330174915,-23.044007794123292,12.186036115161366
2002-05-07,4.334152824898066,-51.54311422383754,-22.460117333622314,11.376914683843928
2002-05-08,4.301192674861042,-51.926825561590455,-22.794427659884548,10.234976035606563
2002-05-09,3.199039652270522,-52.040230960012096,-21.163588537639544,12.59881982608595
2002-05-10,3.0887921665691427,-51.87745719232632,-22.16283243392053,13.413449009907849
2002-05-11,2.0181090750766533,-52.34262066318076,-21.587943004442103,12.192544219241212
2002-05-12,3.104356164341973,-53.29662952318466,-22.43227460713687,11.00319936132252
2002-05-13,2.6345304274046395,-53.58884376824528,-22.767690276979017,10.905319087144507
2002-05-14,2.3046812363034017,-53.75271554709692,-21.206275842962746,10.873072582390261
2002-05-15,2.1268810170671166,-53.19512918343664,-21.38689840546636,11.276016594741488
2002-05-16,1.6944710112714823,-52.18365104171874,-21.352949173045516,11.018487494042606
2002-05-17,2.3881054648602573,-51.744800120668664,-21.455816607985053,12.196083544038723
2002-05-18,1.80219482917596,-51.96497326670751,-20.712732655028894,13.10739249577406
2002-05-19,2.448740471362554,-50.834236791815805,-20.785227989204074,13.809361425161919
2002-05-20,2.1026712513894203,-50.54458979588739,-21.88022790015191,13.27187286246051
2002-05-21,1.1700592853028275,-49.95785394926556,-22.452884796305334,13.427368916895183
2002-05-22,2.2137132275995937,-49.92174280257727,-22.6799033403704,13.639614191757893
2002-05-23,2.026318070447973,-49.47405176725246,-22.939438192581267,14.404857548872528
2002-05-24,0.48692190050679796,-48.32161724052931,-20.003295805842495,14.26123679735768
2002-05-25,1.9345163714759572,-47.46803013828446,-20.680261513888887,13.594631328895364
2002-05-26,0.8247256734402171,-46.433859395461866,-21.29352512861344,13.393551466419565
2002-05-27,0.9702132634078756,-47.124011298987,-21.470089599780756,12.655081851372556
2002-05-28,-0.7960626737313788,-45.641005446632875,-21.97873755629291,12.105650412098766
2002-05-29,-0.006390433227438819,-47.50120307296058,-21.587853625788938,12.27005777779273
2002-05-30,1.8032219891551207,-47.429195772454996,-22.883593562710953,11.712376645138354
2002-05-31,1.37375424351487,-48.0308460559067,-23.838930823988537,10.785956724018593
2002-06-01,1.973004089759343,-49.15227704887975,-23.37514311488637,11.693105870505795
2002-06-02,1.0687143462835174,-48.94677227654127,-23.679101890853115,10.848542563799533
2002-06-03,0.5261304745644436,-49.77818039269578,-23.543212649684577,10.53665220375873
2002-06-04,1.3385242590750843,-49.0604341209867,-24.070466606262674,10.9472072689728
2002-06-05,-0.49125942389475297,-48.47268696039074,-24.112292860708322,10.521224093094574
2002-06-06,-0.7711825737497636,-47.58323541874203,-23.250560866256304,11.49315226077873
2002-06-07,-1.626128438388605,-47.37385040592186,-24.79514493476063,11.33899118689724
2002-06-08,-3.193071975746523,-46.832892278163456,-26.56887520816535,10.815106745582305
2002-06-09,-3.8888047068510154,-46.68542913268399,-28.055863030452645,12.352527152256235
2002-06-10,-3.248256232822175,-47.359648431077886,-28.0594470429756,10.874940819970107
2002-06-11,-4.275866437039277,-49.77118021639472,-27.887947368410416,10.212249309013096
2002-06-12,-5.804430873728058,-49.381268197021576,-27.13327217850659,11.744084560251624
2002-06-13,-7.262011959000763,-49.71774475062715,-27.387812761923808,10.164823048972526
2002-06-14,-5.661122763275167,-50.28403913691921,-27.721993609994264,10.004174347281452
2002-06-15,-6.720465713252696,-50.5520476750686,-26.5044368391368,9.929370789706713
2002-06-16,-7.021970893412138,-49.23979013851799,-27.288126716667136,10.559531639868336
2002-06-17,-5.5146299036030495,-50.100820588507226,-26.60056209270407,11.170654196772892
2002-06-18,-5.555795197286329,-50.084441525598095,-25.232704947896604,10.888855398039395
2002-06-19,-4.26914827777668,-48.229734732624955,-26.27888775050963,11.716550101493949
2002-06-20,-5.2014274773978055,-48.45173410657403,-25.968921323063974,11.356650841615558
2002-06-21,-4.421969171205361,-46.756677253973784,-26.198942268065743,10.939305345148282
2002-06-22,-3.6895010115654827,-47.58741055143049,-26.330844047704854,9.504184572546482
2002-06-23,-3.5803542169991127,-46.96922296709849,-25.867667481248187,9.253358702913312
2002-06-24,-3.6301352415749033,-47.1638033457918,-25.42325199009764,10.001223461386655
2002-06-25,-3.9786820560624205,-47.684657511855,-24.85078541620043,10.603354538602748
2002-06-26,-3.6595620910627105,-46.69140181065549,-24.804910443321134,9.974340275456454
2002-06-27,-3.1560846019806075,-47.37001050328046,-25.103557651741248,10.668428949970654
2002-06-28,-3.4807091376171004,-48.03328242749949,-23.67126983844322,12.084048684123175
2002-06-29,-4.608817179515973,-49.14431439679049,-23.924125934141074,12.569079976722525
2002-06-30,-5.748637702690346,-47.574939218727856,-22.241139068494306,13.645136927291666
2002-07-01,-5.815435297717898,-48.95175924402378,-23.20378707114113,13.905074724987449
2002-07-02,-5.148454573658055,-46.59246080993623,-24.244389071155478,13.276764083636035
2002-07-03,-4.978028476197617,-45.56887097429985,-25.095801750804004,12.713649948121287
2002-07-04,-4.45584621933551,-44.32581110707007,-25.49418592169145,12.928393937193634
2002-07-05,-5.486990337237682,-44.019710528990764,-24.556638754097026,13.057051629777382
2002-07-06,-4.003848634599898,-44.17507518464111,-25.524292820842398,12.677020748283601
2002-07-07,-5.721972838981229,-43.62009332735976,-24.035447333381583,12.955151024478528
2002-07-08,-5.338697811658684,-42.59818016642752,-24.112725550870692,12.032370680521696
2002-07-09,-5.589830824159011,-41.7858993371669,-24.636203075930663,12.685882915121619
2002-07-10,-4.311427044625145,-41.762384185238716,-24.70651910484505,13.46575984697628
2002-07-11,-3.565343309633606,-41.68537467858018,-23.40493509754861,13.842054871078993
2002-07-12,-4.684365022069631,-41.85587036535126,-23.9891130997249,13.096628764832396
2002-07-13,-4.8659123013515115,-43.583334579304584,-24.177154941854923,13.588520444480904
2002-07-14,-3.633189271916077,-42.76175807815934,-23.316050438833724,15.650208878328588
2002-07-15,-0.7458356075879058,-43.34376008258984,-22.66845469731352,15.985381407001196
2002-07-16,-2.3470677091294014,-43.97073660112284,-23.874118415899694,14.632015204055065
2002-07-17,-1.1973888705869211,-45.02899469724833,-23.618183026833208,14.713980504827985
2002-07-18,-0.023995448025426303,-45.29393769582632,-21.99606756788779,15.037393724643849
2002-07-19,0.5073198631034752,-44.95284153322746,-24.17509997288464,14.598537761383207
2002-07-20,-1.0374376951864357,-43.33257744481148,-24.816178406683115,15.729275570314293
2002-07-21,-2.1087363620939135,-42.31460295446885,-24.92095643533105,16.102371628033556
2002-07-22,-2.317030065600802,-42.69091309790979,-25.71619627282028,15.551772100075873
2002-07-23,-2.9873814542226196,-42.22291665827996,-25.091589870186457,15.167645192136051
2002-07-24,-2.515888379900744,-42.92834704255623,-24.938773551780987,15.166401903367676
2002-07-25,-1.4689741175943754,-44.83946450088334,-25.264583163371984,16.202907722898857
2002-07-26,-3.018571005001192,-44.68397796372248,-26.002591247670036,15.362598248845703
2002-07-27,-2.195645381151301,-44.069005509460396,-25.95674545318628,14.7210780416506
2002-07-28,-2.1223212774068614,-44.60360419642242,-26.463373445898704,15.211352531897637
2002-07-29,-3.123466501608717,-46.66670801399534,-25.98503049817324,14.727246942679027
2002-07-30,-2.9763106412259894,-47.17947028986598,-24.9059606162249,16.1254163798958
2002-07-31,-2.6893296379244487,-47.415705678240904,-26.09602808498512,17.175144824240036
2002-08-01,-0.5625960809415163,-45.61730025749278,-25.245170345097154,18.061908789285603
2002-08-02,-0.5183324711020658,-45.37231108535937,-25.42400201069908,16.426528666489837
2002-08-03,-1.4664070074019926,-47.963119051855024,-25.914915623108037,16.696477579049354
2002-08-04,-0.5737898006686127,-48.99095678628088,-25.03172780821562,17.449995460054694
2002-08-05,-1.6594313007423853,-47.99293864897384,-25.5117570550349,17.374078658584846
2002-08-06,-2.697489498673051,-46.90841807235574,-25.004980484242704,17.577428558421047
2002-08-07,-3.625432105218186,-46.86797657101968,-24.223981300345105,17.08973354378233
2002-08-08,-3.580517887670925,-45.677949317419824,-24.471180023097226,16.390328082731667
2002-08-09,-4.733410084214218,-46.759361748431175,-24.907409791474112,16.541991585090305
2002-08-10,-4.629207046520362,-45.57181788238323,-25.164637242221218,16.546059217195403
2002-08-11,-4.49829325095587,-47.05673481108469,-25.690052517323338,15.220200327665596
2002-08-12,-2.9445561104241933,-44.17017073517024,-26.666036349406948,15.37824223236527
2002-08-13,-2.2914399894373307,-43.18756488291272,-25.898426672007247,14.87164389225756
2002-08-14,-2.319477405301799,-44.37955233390224,-28.735450624797586,15.272911707678263
2002-08-15,-2.5586766584247513,-44.052456867929465,-29.236952644042248,14.76388409352861
2002-08-16,-1.9047676128677646,-43.158187446468126,-29.621358748204628,14.809458214855079
2002-08-17,-1.8121925107486876,-42.29723055166946,-29.588100926035445,16.3490100342058
2002-08-18,-2.104485533051397,-41.61406478552407,-29.735397108908753,14.799439312126724
2002-08-19,-0.9220477807731318,-41.587925305423326,-31.058504443396572,15.517087757303727
2002-08-20,-2.509978007676697,-41.56480931424695,-32.59613593688967,15.47753834545107
2002-08-21,-3.7643638674578455,-41.471684419450675,-31.302940150977822,16.71558703899492
2002-08-22,-2.987273741289263,-42.97897089976642,-30.664334694422227,17.755531233599655
2002-08-23,-2.38638611442894,-45.16358037713939,-31.943700156698387,16.2932672167781
2002-08-24,-0.4106855882722391,-45.16133877267933,-32.31086502265643,16.18853122395828
2002-08-25,-0.554873482342514,-45.88980597348015,-33.69770344771254,16.707515122426436
2002-08-26,1.037830758562687,-47.464275506669765,-33.72443245653971,16.74357474553277
2002-08-27,1.434183006832853,-47.54262299519233,-34.172043161428604,17.85513191949476
2002-08-28,1.6391077400326621,-47.755866398557764,-34.41511427106954,17.89332072468756
2002-08-29,1.8966942076311304,-46.31839785741496,-33.61491307617751,18.29244242815429
2002-08-30,1.0985629821561955,-45.58297535206386,-35.965507969957144,18.416194922178008
2002-08-31,1.0729321997497916,-44.02924592859822,-37.01146026152469,19.558146994400367
2002-09-01,1.4825581902202476,-44.3547806147893,-37.969772707855974,19.97188131996681
2002-09-02,0.983249452261809,-43.36699198706588,-39.11670212151308,19.19234381930861
2002-09-03,0.6150817311655113,-44.149170097430186,-38.0953852283876,20.794649739133014
2002-09-04,0.5572392662622799,-43.882831871264614,-38.651283556739585,21.178036419137843
2002-09-05,-0.3877244565031839,-44.34318909824941,-39.91162874028646,20.4301534334326
2002-09-06,0.24482708103024464,-44.17422935208493,-39.186453662375776,20.471837139723757
2002-09-07,0.4126155564043005,-44.02457307521698,-39.738405414266815,19.0341689040681
2002-09-08,0.13229245909581577,-43.61556086541085,-39.572211931859016,18.514071497190656
2002-09-09,-0.6042999555466418,-43.9382531204289,-37.34223032976069,18.68456768702572
2002-09-10,-0.7957394817434604,-42.547881238157295,-36.379618989927835,19.424637589661273
2002-09-11,-0.792031453029558,-44.304310941333085,-36.587003956913044,18.16194137625313
2002-09-12,-0.665070294334091,-43.76719195148452,-36.643611287427454,19.48975819810876
2002-09-13,-2.8531903265533396,-44.409666135691076,-36.73110224011147,18.78861732210871
2002-09-14,-4.662616382088773,-41.264090097991776,-36.57788399844438,19.13038686041178
2002-09-15,-4.341665469571316,-40.75715949648939,-36.93753120878144,18.955983786317756
2002-09-16,-6.279732728333968,-40.24029354617129,-38.55419634691925,18.337278629248157
2002-09-17,-6.210906274351181,-40.273468214660504,-39.77539758797109,17.268067609006067
2002-09-18,-6.445790073853679,-40.871720268689,-42.211012671814345,16.975262007034235
2002-09-19,-5.038301367415109,-41.4016892896428,-42.27715819124877,17.655066559579176
2002-09-20,-5.045038233467538,-41.772890551784926,-44.46676681320653,17.758495924345233
2002-09-21,-7.0728909700920415,-40.6912150577781,-44.91122667217034,18.41364388446053
2002-09-22,-7.640475474213378,-42.507255294862645,-45.21475578198356,17.549463594880297
2002-09-23,-6.957660726373594,-43.08242156209345,-44.188368935641485,16.60709399203773
2002-09-24,-6.903480193252108,-41.587501539935495,-43.52199718003661,16.964961532862077
2002-09-25,-6.558015392857505,-41.58051450268905,-43.54694558165352,16.75929438008687
2002-09-26,-6.283779843369954,-41.14364007014978,-43.89691114376643,15.709549177697111
